date,state,tot_cases,new_cases,administered_dose1_recip,series_complete_yes,new_dose_1,new_series_completed,I_actual,I_arima_preds,I_SIR_preds
2020-03-10,OH,3.0,3.0,0.0,0.0,0.0,0.0,3.0,3.0,3.0
2020-03-11,OH,3.0,0.0,0.0,0.0,0.0,0.0,3.0,0.0,3.3189342857142856
2020-03-12,OH,5.0,2.0,0.0,0.0,0.0,0.0,5.0,0.0,3.313602057583139
2020-03-13,OH,5.0,0.0,0.0,0.0,0.0,0.0,5.0,0.0,5.5138719200074116
2020-03-14,OH,5.0,0.0,0.0,0.0,0.0,0.0,5.0,3.7948778767003724,5.505161695027655
2020-03-15,OH,37.0,32.0,0.0,0.0,0.0,0.0,37.0,4.111111110316194,5.4965385730358856
2020-03-16,OH,50.0,13.0,0.0,0.0,0.0,0.0,50.0,4.342346176228653,40.611212454161816
2020-03-17,OH,67.0,17.0,0.0,0.0,0.0,0.0,67.0,9.571796146822745,54.79549677052869
2020-03-18,OH,88.0,21.0,0.0,0.0,0.0,0.0,88.0,37.17714737436336,73.3138388145913
2020-03-19,OH,119.0,31.0,0.0,0.0,0.0,0.0,119.0,57.85499430126507,96.14700050362296
2020-03-20,OH,169.0,50.0,0.0,0.0,0.0,0.0,169.0,80.55592000369235,129.82176605798372
2020-03-21,OH,247.0,78.0,0.0,0.0,0.0,0.0,247.0,111.88084584129254,184.09426630682353
2020-03-22,OH,351.0,104.0,0.0,0.0,0.0,0.0,351.0,160.62809840418234,268.663692910697
2020-03-23,OH,442.0,91.0,0.0,0.0,0.0,0.0,442.0,235.9022378181847,381.22643256934373
2020-03-24,OH,564.0,122.0,0.0,0.0,0.0,0.0,561.0,337.3028750146833,479.3661311444559
2020-03-25,OH,704.0,140.0,0.0,0.0,0.0,0.0,701.0,428.84123787918486,607.5505692001511
2020-03-26,OH,867.0,163.0,0.0,0.0,0.0,0.0,862.0,547.211868591446,758.083982310009
2020-03-27,OH,1137.0,270.0,0.0,0.0,0.0,0.0,1132.0,686.414853910691,930.8752409500341
2020-03-28,OH,1406.0,269.0,0.0,0.0,0.0,0.0,1401.0,846.6163248552189,1220.732965812849
2020-03-29,OH,1653.0,247.0,0.0,0.0,0.0,0.0,1616.0,1112.0956715601496,1508.7156049665527
2020-03-30,OH,1933.0,280.0,0.0,0.0,0.0,0.0,1883.0,1379.0172473624166,1737.8430179144618
2020-03-31,OH,2199.0,266.0,0.0,0.0,0.0,0.0,2132.0,1594.8780988747112,2022.2014281329184
2020-04-01,OH,2547.0,348.0,0.0,0.0,0.0,0.0,2459.0,1861.6831592960298,2286.499323032767
2020-04-02,OH,2902.0,355.0,0.0,0.0,0.0,0.0,2783.0,2111.1546775515494,2633.64391943072
2020-04-03,OH,3312.0,410.0,0.0,0.0,0.0,0.0,3143.0,2437.4173070943025,2976.6730638612144
2020-04-04,OH,3739.0,427.0,0.0,0.0,0.0,0.0,3492.0,2761.247229915225,3357.271343699203
2020-04-05,OH,4043.0,304.0,0.0,0.0,0.0,0.0,3692.0,3120.9031611241007,3725.161363788559
2020-04-06,OH,4450.0,407.0,0.0,0.0,0.0,0.0,4008.0,3465.617443591137,3933.3807122616504
2020-04-07,OH,4782.0,332.0,0.0,0.0,0.0,0.0,4218.0,3667.061943059498,4264.520515418803
2020-04-08,OH,5148.0,366.0,0.0,0.0,0.0,0.0,4444.0,3983.5759497847066,4482.206822167012
2020-04-09,OH,5512.0,364.0,0.0,0.0,0.0,0.0,4645.0,4194.767372336315,4716.35930794297
2020-04-10,OH,5878.0,366.0,0.0,0.0,0.0,0.0,4741.0,4421.814649107133,4923.463418917806
2020-04-11,OH,6250.0,372.0,0.0,0.0,0.0,0.0,4844.0,4623.847427460275,5018.93714420409
2020-04-12,OH,6518.0,268.0,0.0,0.0,0.0,0.0,4865.0,4720.88117922904,5121.621161958849
2020-04-13,OH,6975.0,457.0,0.0,0.0,0.0,0.0,5042.0,4824.873906816469,5137.506056353874
2020-04-14,OH,7280.0,305.0,0.0,0.0,0.0,0.0,5081.0,4846.81555399044,5317.93768289114
2020-04-15,OH,7791.0,511.0,0.0,0.0,0.0,0.0,5244.0,5024.633964595978,5352.602939188605
2020-04-16,OH,8414.0,623.0,0.0,0.0,0.0,0.0,5512.0,5064.387188568683,5517.706251972242
2020-04-17,OH,9107.0,693.0,0.0,0.0,0.0,0.0,5795.0,5228.091870255757,5792.814739232169
2020-04-18,OH,10222.0,1115.0,0.0,0.0,0.0,0.0,6483.0,5496.391808105132,6083.069197883219
2020-04-19,OH,11602.0,1380.0,0.0,0.0,0.0,0.0,7559.0,5779.632803407181,6797.332730286983
2020-04-20,OH,12919.0,1317.0,0.0,0.0,0.0,0.0,8469.0,6464.60354613352,7916.331104351632
2020-04-21,OH,13725.0,806.0,0.0,0.0,0.0,0.0,8943.0,7533.4777675853375,8859.156447226533
2020-04-22,OH,14117.0,392.0,0.0,0.0,0.0,0.0,8969.0,8440.405259218189,9344.32158409895
2020-04-23,OH,14694.0,577.0,0.0,0.0,0.0,0.0,9182.0,8915.176185280587,9360.885319694169
2020-04-24,OH,15169.0,475.0,0.0,0.0,0.0,0.0,9291.0,8942.007004192332,9572.446849677404
2020-04-25,OH,15587.0,418.0,0.0,0.0,0.0,0.0,9337.0,9156.046649638158,9675.315384935811
2020-04-26,OH,15963.0,376.0,0.0,0.0,0.0,0.0,9445.0,9265.809174419539,9712.506119897276
2020-04-27,OH,16325.0,362.0,0.0,0.0,0.0,0.0,9350.0,9312.857750476025,9814.122799752202
2020-04-28,OH,16769.0,444.0,0.0,0.0,0.0,0.0,9489.0,9421.68391481053,9704.897019747712
2020-04-29,OH,17303.0,534.0,0.0,0.0,0.0,0.0,9512.0,9327.200031386497,9838.613906971435
2020-04-30,OH,18027.0,724.0,0.0,0.0,0.0,0.0,9613.0,9467.037850242155,9851.9814801599
2020-05-01,OH,18743.0,716.0,0.0,0.0,0.0,0.0,9636.0,9490.767903209524,9946.107517256512
2020-05-02,OH,19335.0,592.0,0.0,0.0,0.0,0.0,9113.0,9592.573546322834,9959.500351122815
2020-05-03,OH,19914.0,579.0,0.0,0.0,0.0,0.0,8312.0,9616.23665604805,9409.202289339652
2020-05-04,OH,20474.0,560.0,0.0,0.0,0.0,0.0,7555.0,9091.919474246584,8573.382079364957
2020-05-05,OH,20969.0,495.0,0.0,0.0,0.0,0.0,7244.0,8288.29133970862,7784.68484654116
2020-05-06,OH,21576.0,607.0,0.0,0.0,0.0,0.0,7459.0,7530.678747660577,7456.749595401462
2020-05-07,OH,22131.0,555.0,0.0,0.0,0.0,0.0,7437.0,7221.121936298154,7670.443976927329
2020-05-08,OH,23016.0,885.0,0.0,0.0,0.0,0.0,7847.0,7436.121666499035,7640.296769341668
2020-05-09,OH,23697.0,681.0,0.0,0.0,0.0,0.0,8110.0,7415.109139217815,8053.646841166888
2020-05-10,OH,24081.0,384.0,0.0,0.0,0.0,0.0,8118.0,7824.123359081423,8315.527989482373
2020-05-11,OH,24777.0,696.0,0.0,0.0,0.0,0.0,8452.0,8087.149654710603,8315.755703013281
2020-05-12,OH,25250.0,473.0,0.0,0.0,0.0,0.0,8481.0,8095.9675089208295,8649.672900504538
2020-05-13,OH,25721.0,471.0,0.0,0.0,0.0,0.0,8418.0,8429.767463002992,8671.182425503699
2020-05-14,OH,26357.0,636.0,0.0,0.0,0.0,0.0,8330.0,8459.496368917034,8598.743454182753
2020-05-15,OH,26954.0,597.0,0.0,0.0,0.0,0.0,8211.0,8397.345801416623,8500.993158859137
2020-05-16,OH,27474.0,520.0,0.0,0.0,0.0,0.0,8139.0,8310.235660549264,8371.881695617667
2020-05-17,OH,27923.0,449.0,0.0,0.0,0.0,0.0,8009.0,8191.980697479328,8290.948255528856
2020-05-18,OH,28272.0,349.0,0.0,0.0,0.0,0.0,7798.0,8120.762492033644,8151.194743127789
2020-05-19,OH,28952.0,680.0,0.0,0.0,0.0,0.0,7983.0,7991.641274827491,7929.389092267818
2020-05-20,OH,29436.0,484.0,0.0,0.0,0.0,0.0,7860.0,7781.694130722717,8110.355269568653
2020-05-21,OH,30167.0,731.0,0.0,0.0,0.0,0.0,8036.0,7966.574372441011,7978.421227718461
2020-05-22,OH,30794.0,627.0,0.0,0.0,0.0,0.0,7778.0,7844.418379564639,8150.018863081219
2020-05-23,OH,31408.0,614.0,0.0,0.0,0.0,0.0,7711.0,8020.311026196871,7881.597631848049
2020-05-24,OH,31911.0,503.0,0.0,0.0,0.0,0.0,7830.0,7763.425513592923,7807.07400953085
2020-05-25,OH,32477.0,566.0,0.0,0.0,0.0,0.0,7700.0,7697.091100462541,7920.892165191326
2020-05-26,OH,33006.0,529.0,0.0,0.0,0.0,0.0,7756.0,7816.086155205279,7782.894193190839
2020-05-27,OH,33439.0,433.0,0.0,0.0,0.0,0.0,7718.0,7686.908457369782,7833.028765392672
2020-05-28,OH,33915.0,476.0,0.0,0.0,0.0,0.0,7558.0,7743.102567814638,7788.27930126996
2020-05-29,OH,34566.0,651.0,0.0,0.0,0.0,0.0,7612.0,7705.612836280861,7620.64604965838
2020-05-30,OH,35034.0,468.0,0.0,0.0,0.0,0.0,7560.0,7546.498525181765,7668.938073568886
2020-05-31,OH,35513.0,479.0,0.0,0.0,0.0,0.0,7590.0,7600.631078865937,7610.496898909354
2020-06-01,OH,35984.0,471.0,0.0,0.0,0.0,0.0,7712.0,7549.14167039089,7634.683189886288
2020-06-02,OH,36413.0,429.0,0.0,0.0,0.0,0.0,7461.0,7579.340996086339,7751.352203199711
2020-06-03,OH,36792.0,379.0,0.0,0.0,0.0,0.0,7356.0,7701.190828781024,7493.277028136
2020-06-04,OH,37282.0,490.0,0.0,0.0,0.0,0.0,7115.0,7451.285772516105,7382.170500707956
2020-06-05,OH,37758.0,476.0,0.0,0.0,0.0,0.0,6964.0,7346.934662962585,7134.902427003984
2020-06-06,OH,38111.0,353.0,0.0,0.0,0.0,0.0,6703.0,7106.9607930384645,6978.240220344005
2020-06-07,OH,38476.0,365.0,0.0,0.0,0.0,0.0,6565.0,6956.776275516942,6711.715551931408
2020-06-08,OH,38837.0,361.0,0.0,0.0,0.0,0.0,6360.0,6697.044913494407,6568.699765902534
2020-06-09,OH,39162.0,325.0,0.0,0.0,0.0,0.0,6156.0,6559.809572246866,6358.947510552027
2020-06-10,OH,39575.0,413.0,0.0,0.0,0.0,0.0,6136.0,6355.872687391571,6150.540386761511
2020-06-11,OH,40004.0,429.0,0.0,0.0,0.0,0.0,6089.0,6152.935751314367,6126.178119812395
2020-06-12,OH,40424.0,420.0,0.0,0.0,0.0,0.0,5858.0,6133.100606755032,6074.950980544237
2020-06-13,OH,40848.0,424.0,0.0,0.0,0.0,0.0,5814.0,6086.390885110077,5840.387001324374
2020-06-14,OH,41148.0,300.0,0.0,0.0,0.0,0.0,5635.0,5856.559859434947,5792.495973099667
2020-06-15,OH,41576.0,428.0,0.0,0.0,0.0,0.0,5592.0,5812.8048526586535,5610.2982900304805
2020-06-16,OH,42010.0,434.0,0.0,0.0,0.0,0.0,5597.0,5634.702104237837,5563.696482799507
2020-06-17,OH,42422.0,412.0,0.0,0.0,0.0,0.0,5630.0,5591.9176988028385,5564.916094427342
2020-06-18,OH,43122.0,700.0,0.0,0.0,0.0,0.0,5840.0,5596.895043521563,5593.987800091244
2020-06-19,OH,43731.0,609.0,0.0,0.0,0.0,0.0,5973.0,5629.7386377975745,5798.804850238895
2020-06-20,OH,44262.0,531.0,0.0,0.0,0.0,0.0,6151.0,5838.739308812827,5926.977604496489
2020-06-21,OH,44808.0,546.0,0.0,0.0,0.0,0.0,6332.0,5971.1345622240115,6099.6405597153025
2020-06-22,OH,45537.0,729.0,0.0,0.0,0.0,0.0,6700.0,6148.3385710055845,6275.086858278429
2020-06-23,OH,46127.0,590.0,0.0,0.0,0.0,0.0,6965.0,6328.560476803445,6635.543612361323
2020-06-24,OH,46759.0,632.0,0.0,0.0,0.0,0.0,7184.0,6694.94619667938,6893.632478230852
2020-06-25,OH,47651.0,892.0,0.0,0.0,0.0,0.0,7647.0,6958.905124854681,7105.932791575863
2020-06-26,OH,48638.0,987.0,0.0,0.0,0.0,0.0,8214.0,7177.1401488688825,7559.204595006939
2020-06-27,OH,49455.0,817.0,0.0,0.0,0.0,0.0,8607.0,7638.51337022113,8114.696292433248
2020-06-28,OH,50309.0,854.0,0.0,0.0,0.0,0.0,9161.0,8203.537696219108,8497.754695094382
2020-06-29,OH,51046.0,737.0,0.0,0.0,0.0,0.0,9470.0,8595.533108595746,9039.250324361763
2020-06-30,OH,51789.0,743.0,0.0,0.0,0.0,0.0,9779.0,9148.28571630541,9338.537796707955
2020-07-01,OH,52865.0,1076.0,0.0,0.0,0.0,0.0,10443.0,9456.854115721851,9637.514761705135
2020-07-02,OH,54166.0,1301.0,0.0,0.0,0.0,0.0,11044.0,9765.45663703055,10285.843560566424
2020-07-03,OH,55257.0,1091.0,0.0,0.0,0.0,0.0,11526.0,10428.352617104818,10871.442802028658
2020-07-04,OH,56183.0,926.0,0.0,0.0,0.0,0.0,11921.0,11028.611380472641,11339.337830803664
2020-07-05,OH,57151.0,968.0,0.0,0.0,0.0,0.0,12343.0,11510.251495672856,11721.204521477683
2020-07-06,OH,57956.0,805.0,0.0,0.0,0.0,0.0,12419.0,11905.53442666515,12129.222788381298
2020-07-07,OH,58904.0,948.0,0.0,0.0,0.0,0.0,12777.0,12327.340921295401,12197.020144327355
2020-07-08,OH,60181.0,1277.0,0.0,0.0,0.0,0.0,13422.0,12403.891379543466,12541.607603502018
2020-07-09,OH,61331.0,1150.0,0.0,0.0,0.0,0.0,13680.0,12761.808636597672,13167.427150100491
2020-07-10,OH,62856.0,1525.0,0.0,0.0,0.0,0.0,14218.0,13406.838542670299,13413.162548260607
2020-07-11,OH,64214.0,1358.0,0.0,0.0,0.0,0.0,14759.0,13665.067841359429,13933.081957784963
2020-07-12,OH,65592.0,1378.0,0.0,0.0,0.0,0.0,15283.0,14203.095058374372,14455.437824777142
2020-07-13,OH,66853.0,1261.0,0.0,0.0,0.0,0.0,15807.0,14744.144969770881,14960.654511754447
2020-07-14,OH,67995.0,1142.0,0.0,0.0,0.0,0.0,16206.0,15268.225650909779,15465.39862598799
2020-07-15,OH,69311.0,1316.0,0.0,0.0,0.0,0.0,16446.0,15792.311932996727,15847.44272844616
2020-07-16,OH,70601.0,1290.0,0.0,0.0,0.0,0.0,16435.0,16191.471124886877,16073.756360225194
2020-07-17,OH,72280.0,1679.0,0.0,0.0,0.0,0.0,17023.0,16431.65656290905,16054.716641037196
2020-07-18,OH,73822.0,1542.0,0.0,0.0,0.0,0.0,17639.0,16421.22800830088,16620.614314485512
2020-07-19,OH,74932.0,1110.0,0.0,0.0,0.0,0.0,17781.0,17009.302071127287,17213.329505077676
2020-07-20,OH,76168.0,1236.0,0.0,0.0,0.0,0.0,18212.0,17625.358959925867,17343.18837703331
2020-07-21,OH,77215.0,1047.0,0.0,0.0,0.0,0.0,18311.0,17767.55631716368,17754.739974702792
2020-07-22,OH,78742.0,1527.0,0.0,0.0,0.0,0.0,18561.0,18198.712039772,17842.45414195606
2020-07-23,OH,80186.0,1444.0,0.0,0.0,0.0,0.0,18855.0,18297.87879884357,18077.22697828467
2020-07-24,OH,81746.0,1560.0,0.0,0.0,0.0,0.0,18890.0,18548.05216383608,18354.6822613586
2020-07-25,OH,83184.0,1438.0,0.0,0.0,0.0,0.0,18970.0,18842.209425303372,18379.941749796017
2020-07-26,OH,84073.0,889.0,0.0,0.0,0.0,0.0,18481.0,18877.331628765933,18449.02323248581
2020-07-27,OH,85177.0,1104.0,0.0,0.0,0.0,0.0,18324.0,18957.461159099315,17965.006811986073
2020-07-28,OH,86497.0,1320.0,0.0,0.0,0.0,0.0,18502.0,18468.177095491847,17804.11067240224
2020-07-29,OH,87893.0,1396.0,0.0,0.0,0.0,0.0,18582.0,18311.218759059877,17968.78924095656
2020-07-30,OH,89626.0,1733.0,0.0,0.0,0.0,0.0,19025.0,18489.36251180423,18038.259443056042
2020-07-31,OH,91159.0,1533.0,0.0,0.0,0.0,0.0,18879.0,18569.491489288182,18459.961676874063
2020-08-01,OH,92087.0,928.0,0.0,0.0,0.0,0.0,18265.0,19013.02343742683,18310.10494664094
2020-08-02,OH,93031.0,944.0,0.0,0.0,0.0,0.0,18099.0,18867.083234561847,17706.7647664375
2020-08-03,OH,93963.0,932.0,0.0,0.0,0.0,0.0,17795.0,18252.684207879367,17538.156992891156
2020-08-04,OH,95106.0,1143.0,0.0,0.0,0.0,0.0,17891.0,18086.758776414026,17236.105351090344
2020-08-05,OH,96305.0,1199.0,0.0,0.0,0.0,0.0,17563.0,17782.751820301197,17321.66012352564
2020-08-06,OH,97471.0,1166.0,0.0,0.0,0.0,0.0,17285.0,17878.91235003865,16996.877790352188
2020-08-07,OH,98675.0,1204.0,0.0,0.0,0.0,0.0,16929.0,17550.910481815205,16720.810836097677
2020-08-08,OH,99969.0,1294.0,0.0,0.0,0.0,0.0,16785.0,17272.92354748291,16369.622384957856
2020-08-09,OH,100848.0,879.0,0.0,0.0,0.0,0.0,16775.0,16916.89026755993,16223.704381078393
2020-08-10,OH,101731.0,883.0,0.0,0.0,0.0,0.0,16554.0,16773.085917565135,16207.437229066858
2020-08-11,OH,102826.0,1095.0,0.0,0.0,0.0,0.0,16329.0,16763.145909632673,15987.467058090357
2020-08-12,OH,104248.0,1422.0,0.0,0.0,0.0,0.0,16355.0,16542.394357851874,15763.875782398029
2020-08-13,OH,105426.0,1178.0,0.0,0.0,0.0,0.0,15800.0,16317.37743914955,15782.74212025225
2020-08-14,OH,106557.0,1131.0,0.0,0.0,0.0,0.0,15398.0,16343.47685684752,15241.200720242621
2020-08-15,OH,107674.0,1117.0,0.0,0.0,0.0,0.0,15587.0,15788.692589079863,14847.675574922434
2020-08-16,OH,108287.0,613.0,0.0,0.0,0.0,0.0,15256.0,15386.758608456765,15024.172072924395
2020-08-17,OH,109062.0,775.0,0.0,0.0,0.0,0.0,15099.0,15575.820717845221,14699.553039268043
2020-08-18,OH,109923.0,861.0,0.0,0.0,0.0,0.0,14817.0,15244.935426593347,14542.826139464763
2020-08-19,OH,110881.0,958.0,0.0,0.0,0.0,0.0,14576.0,15088.46006808135,14265.918843489768
2020-08-20,OH,112003.0,1122.0,0.0,0.0,0.0,0.0,14532.0,14806.703782734581,14028.730049599642
2020-08-21,OH,113046.0,1043.0,0.0,0.0,0.0,0.0,14371.0,14565.959877878022,13981.30070148876
2020-08-22,OH,114165.0,1119.0,0.0,0.0,0.0,0.0,14196.0,14522.119800130371,13821.428782811983
2020-08-23,OH,114802.0,637.0,0.0,0.0,0.0,0.0,13954.0,14361.353743826423,13648.260529870104
2020-08-24,OH,115651.0,849.0,0.0,0.0,0.0,0.0,13920.0,14186.604809390437,13410.870899740228
2020-08-25,OH,116495.0,844.0,0.0,0.0,0.0,0.0,13669.0,13944.915409434972,13373.529534370991
2020-08-26,OH,117584.0,1089.0,0.0,0.0,0.0,0.0,13336.0,13911.06071692259,13127.849869508778
2020-08-27,OH,118828.0,1244.0,0.0,0.0,0.0,0.0,13402.0,13660.404124396893,12803.65788536286
2020-08-28,OH,120124.0,1296.0,0.0,0.0,0.0,0.0,13567.0,13327.852151931465,12862.674475646534
2020-08-29,OH,121340.0,1216.0,0.0,0.0,0.0,0.0,13666.0,13393.863669273807,13016.676527582658
2020-08-30,OH,122262.0,922.0,0.0,0.0,0.0,0.0,13975.0,13558.745666255181,13107.314294243422
2020-08-31,OH,123157.0,895.0,0.0,0.0,0.0,0.0,14095.0,13657.722129533713,13399.281713924438
2020-09-01,OH,124610.0,1453.0,0.0,0.0,0.0,0.0,14687.0,13966.434918724259,13509.942595745972
2020-09-02,OH,125767.0,1157.0,0.0,0.0,0.0,0.0,14886.0,14086.405565981433,14072.835284888457
2020-09-03,OH,127112.0,1345.0,0.0,0.0,0.0,0.0,15109.0,14677.797360580338,14258.958939137856
2020-09-04,OH,128444.0,1332.0,0.0,0.0,0.0,0.0,15398.0,14876.732022631546,14467.987899786784
2020-09-05,OH,129785.0,1341.0,0.0,0.0,0.0,0.0,15620.0,15099.658043733878,14740.107190836567
2020-09-06,OH,130558.0,773.0,0.0,0.0,0.0,0.0,15756.0,15388.542652775432,14947.980907848752
2020-09-07,OH,130558.0,0.0,0.0,0.0,0.0,0.0,14907.0,15610.502698739765,15073.493990439027
2020-09-08,OH,131992.0,1434.0,0.0,0.0,0.0,0.0,15497.0,15746.531047433735,14256.928021066498
2020-09-09,OH,132965.0,973.0,0.0,0.0,0.0,0.0,15381.0,14897.767911459854,14816.739639260762
2020-09-10,OH,134086.0,1121.0,0.0,0.0,0.0,0.0,15258.0,15487.270559454239,14701.44522632926
2020-09-11,OH,135326.0,1240.0,0.0,0.0,0.0,0.0,15202.0,15371.442707769304,14579.574015327385
2020-09-12,OH,136568.0,1242.0,0.0,0.0,0.0,0.0,15228.0,15248.621548101957,14521.819439184905
2020-09-13,OH,137405.0,837.0,0.0,0.0,0.0,0.0,15143.0,15192.760302074337,14542.448474805722
2020-09-14,OH,138484.0,1079.0,0.0,0.0,0.0,0.0,15327.0,15218.838664616462,14457.133614522578
2020-09-15,OH,139485.0,1001.0,0.0,0.0,0.0,0.0,14875.0,15133.994127305927,14628.651757514443
2020-09-16,OH,140518.0,1033.0,0.0,0.0,0.0,0.0,14751.0,15317.936169063792,14193.260296627506
2020-09-17,OH,141585.0,1067.0,0.0,0.0,0.0,0.0,14473.0,14866.610249452955,14071.035117939391
2020-09-18,OH,142596.0,1011.0,0.0,0.0,0.0,0.0,14152.0,14742.81759530853,13802.055649130381
2020-09-19,OH,143547.0,951.0,0.0,0.0,0.0,0.0,13762.0,14465.154371321609,13492.26698858727
2020-09-20,OH,144309.0,762.0,0.0,0.0,0.0,0.0,13751.0,14144.55146502415,13116.918479772772
2020-09-21,OH,145165.0,856.0,0.0,0.0,0.0,0.0,14607.0,13755.048495837429,13102.946775630511
2020-09-22,OH,145850.0,685.0,0.0,0.0,0.0,0.0,13858.0,13744.141848719937,13914.939047147049
2020-09-23,OH,146753.0,903.0,0.0,0.0,0.0,0.0,13788.0,14598.911993674988,13197.97605423574
2020-09-24,OH,147744.0,991.0,0.0,0.0,0.0,0.0,13658.0,13850.66779879076,13127.918849703761
2020-09-25,OH,148894.0,1150.0,0.0,0.0,0.0,0.0,13568.0,13780.843466625214,13000.818175170112
2020-09-26,OH,150009.0,1115.0,0.0,0.0,0.0,0.0,13441.0,13651.097089409679,12911.8811583145
2020-09-27,OH,150809.0,800.0,0.0,0.0,0.0,0.0,13404.0,13561.298096096787,12787.819437234868
2020-09-28,OH,151802.0,993.0,0.0,0.0,0.0,0.0,13318.0,13434.549794674336,12749.456773342858
2020-09-29,OH,152907.0,1105.0,0.0,0.0,0.0,0.0,13422.0,13397.673774789873,12664.548270225157
2020-09-30,OH,153987.0,1080.0,0.0,0.0,0.0,0.0,13469.0,13311.867014396867,12760.345826539238
2020-10-01,OH,155314.0,1327.0,0.0,0.0,0.0,0.0,13729.0,13415.775804597844,12801.94944134592
2020-10-02,OH,156809.0,1495.0,0.0,0.0,0.0,0.0,14213.0,13462.773409805195,13045.965821320631
2020-10-03,OH,157966.0,1157.0,0.0,0.0,0.0,0.0,14419.0,13722.453452431077,13502.700468021358
2020-10-04,OH,158907.0,941.0,0.0,0.0,0.0,0.0,14598.0,14205.814596025142,13695.202950576222
2020-10-05,OH,159964.0,1057.0,0.0,0.0,0.0,0.0,14799.0,14411.630061334416,13862.006864910916
2020-10-06,OH,161299.0,1335.0,0.0,0.0,0.0,0.0,15449.0,14590.493579962196,14049.649970442282
2020-10-07,OH,162723.0,1424.0,0.0,0.0,0.0,0.0,15970.0,14791.341199861992,14663.405402540804
2020-10-08,OH,164262.0,1539.0,0.0,0.0,0.0,0.0,16518.0,15440.622801754618,15154.497981584558
2020-10-09,OH,166102.0,1840.0,0.0,0.0,0.0,0.0,17208.0,15961.169189518525,15671.015088891878
2020-10-10,OH,167458.0,1356.0,0.0,0.0,0.0,0.0,17449.0,16508.392919351725,16322.021279045899
2020-10-11,OH,168749.0,1291.0,0.0,0.0,0.0,0.0,17940.0,17197.96372340651,16546.98095881436
2020-10-12,OH,170179.0,1430.0,0.0,0.0,0.0,0.0,18377.0,17438.94771814086,17008.900873093935
2020-10-13,OH,171626.0,1447.0,0.0,0.0,0.0,0.0,18719.0,17929.799775966647,17419.46662037292
2020-10-14,OH,173665.0,2039.0,0.0,0.0,0.0,0.0,19678.0,18366.72447060477,17739.85855701064
2020-10-15,OH,175843.0,2178.0,0.0,0.0,0.0,0.0,20529.0,18708.72109923378,18644.75131141626
2020-10-16,OH,177991.0,2148.0,0.0,0.0,0.0,0.0,21182.0,19667.065062497968,19446.984897280778
2020-10-17,OH,180225.0,2234.0,0.0,0.0,0.0,0.0,22259.0,20517.692970548967,20061.390077102787
2020-10-18,OH,181787.0,1562.0,0.0,0.0,0.0,0.0,22880.0,21170.63660397129,21077.061231885775
2020-10-19,OH,183624.0,1837.0,0.0,0.0,0.0,0.0,23660.0,22247.58594090807,21660.648259472575
2020-10-20,OH,185639.0,2015.0,0.0,0.0,0.0,0.0,24340.0,22868.208249733325,22394.53049933453
2020-10-21,OH,188005.0,2366.0,0.0,0.0,0.0,0.0,25282.0,23648.1248540194,23033.52021533326
2020-10-22,OH,190430.0,2425.0,0.0,0.0,0.0,0.0,26168.0,24328.108529442237,23920.179586753366
2020-10-23,OH,192948.0,2518.0,0.0,0.0,0.0,0.0,26846.0,25269.983158988045,24753.54994227742
2020-10-24,OH,195806.0,2858.0,0.0,0.0,0.0,0.0,28348.0,26155.91163251719,25389.911528355242
2020-10-25,OH,198115.0,2309.0,0.0,0.0,0.0,0.0,29366.0,26833.929774581047,26805.221452080423
2020-10-26,OH,200231.0,2116.0,0.0,0.0,0.0,0.0,30052.0,28335.510233217545,27762.444047526114
2020-10-27,OH,202740.0,2509.0,0.0,0.0,0.0,0.0,31114.0,29353.444152163378,28405.52764196157
2020-10-28,OH,205347.0,2607.0,0.0,0.0,0.0,0.0,31682.0,30039.483511233193,29403.743428078717
2020-10-29,OH,208937.0,3590.0,0.0,0.0,0.0,0.0,33094.0,31101.403300815786,29934.864589473713
2020-10-30,OH,212782.0,3845.0,0.0,0.0,0.0,0.0,34791.0,31669.439696148977,31263.142807066008
2020-10-31,OH,215697.0,2915.0,0.0,0.0,0.0,0.0,35472.0,33082.05354001689,32860.147010844834
2020-11-01,OH,219000.0,3303.0,0.0,0.0,0.0,0.0,37213.0,34778.69699364017,33497.15937623094
2020-11-02,OH,221909.0,2909.0,0.0,0.0,0.0,0.0,38285.0,35459.78283991291,35134.79300446179
2020-11-03,OH,226138.0,4229.0,0.0,0.0,0.0,0.0,40499.0,37200.41764959543,36140.34235356497
2020-11-04,OH,230209.0,4071.0,0.0,0.0,0.0,0.0,42204.0,38272.38781982155,38223.40917028268
2020-11-05,OH,235170.0,4961.0,0.0,0.0,0.0,0.0,44740.0,40485.700368266815,39825.444235131494
2020-11-06,OH,240178.0,5008.0,0.0,0.0,0.0,0.0,47230.0,42190.435252417235,42210.97428952485
2020-11-07,OH,245727.0,5549.0,0.0,0.0,0.0,0.0,49921.0,44725.22331825056,44552.29182764524
2020-11-08,OH,250268.0,4541.0,0.0,0.0,0.0,0.0,52153.0,47215.36200334369,47082.38183978453
2020-11-09,OH,254974.0,4706.0,0.0,0.0,0.0,0.0,54743.0,49907.04954235897,49178.78450303082
2020-11-10,OH,261482.0,6508.0,0.0,0.0,0.0,0.0,58742.0,52139.64687127796,51612.016579705814
2020-11-11,OH,267356.0,5874.0,0.0,0.0,0.0,0.0,62009.0,54728.64471625704,55372.61442520442
2020-11-12,OH,274457.0,7101.0,0.0,0.0,0.0,0.0,65520.0,58724.844237989964,58442.01196856454
2020-11-13,OH,282528.0,8071.0,0.0,0.0,0.0,0.0,69746.0,61991.35557874362,61740.28955315464
2020-11-14,OH,290243.0,7715.0,0.0,0.0,0.0,0.0,74546.0,65502.06091459898,65711.07808628539
2020-11-15,OH,298096.0,7853.0,0.0,0.0,0.0,0.0,79096.0,69726.86205106789,70221.19130783793
2020-11-16,OH,305364.0,7268.0,0.0,0.0,0.0,0.0,83455.0,74524.80615116286,74494.27237377156
2020-11-17,OH,312443.0,7079.0,0.0,0.0,0.0,0.0,86305.0,79075.50403203964,78586.01133666367
2020-11-18,OH,318828.0,6385.0,0.0,0.0,0.0,0.0,88619.0,83433.99520342331,81255.62252373657
2020-11-19,OH,326615.0,7787.0,0.0,0.0,0.0,0.0,91445.0,86283.60350032744,83419.81591527595
2020-11-20,OH,335423.0,8808.0,0.0,0.0,0.0,0.0,95245.0,88597.64817580607,86065.22320976005
2020-11-21,OH,343286.0,7863.0,0.0,0.0,0.0,0.0,97559.0,91421.52116072745,89626.33153025847
2020-11-22,OH,351419.0,8133.0,0.0,0.0,0.0,0.0,101151.0,95221.34207374917,91788.15763090164
2020-11-23,OH,363304.0,11885.0,0.0,0.0,0.0,0.0,108330.0,97538.24082530919,95151.53889064385
2020-11-24,OH,371908.0,8604.0,0.0,0.0,0.0,0.0,110426.0,101127.67664285806,101887.50482861002
2020-11-25,OH,382743.0,10835.0,0.0,0.0,0.0,0.0,115387.0,108302.19781315507,103841.19717103617
2020-11-26,OH,382743.0,0.0,0.0,0.0,0.0,0.0,108286.0,110399.99989629585,108488.0476052121
2020-11-27,OH,399808.0,17065.0,0.0,0.0,0.0,0.0,117280.0,115363.7985153142,101794.42807719811
2020-11-28,OH,406703.0,6895.0,0.0,0.0,0.0,0.0,116460.0,108256.75964882555,110231.16444404102
2020-11-29,OH,414432.0,7729.0,0.0,0.0,0.0,0.0,116336.0,117241.69051167485,109442.32125150383
2020-11-30,OH,421063.0,6631.0,0.0,0.0,0.0,0.0,115699.0,116427.35404623192,109307.9365441972
2020-12-01,OH,430093.0,9030.0,0.0,0.0,0.0,0.0,117650.0,116296.08733005315,108691.8776382966
2020-12-02,OH,437928.0,7835.0,0.0,0.0,0.0,0.0,119100.0,115660.18338988625,110507.12153886227
2020-12-03,OH,446849.0,8921.0,0.0,0.0,0.0,0.0,120234.0,117615.01362706661,111851.40542137809
2020-12-04,OH,456963.0,10114.0,0.0,0.0,0.0,0.0,121540.0,119066.50497413099,112898.69120153993
2020-12-05,OH,467432.0,10469.0,0.0,0.0,0.0,0.0,124146.0,120201.72644911296,114107.29166150678
2020-12-06,OH,475024.0,7592.0,0.0,0.0,0.0,0.0,123605.0,121508.68164961236,116535.98314534037
2020-12-07,OH,484297.0,9273.0,0.0,0.0,0.0,0.0,120993.0,124116.20013482636,116010.38946211588
2020-12-08,OH,510018.0,25721.0,0.0,0.0,0.0,0.0,138110.0,123573.37203411148,113541.72887258083
2020-12-09,OH,520112.0,10094.0,0.0,0.0,0.0,0.0,137369.0,120952.75419459291,129585.37358506623
2020-12-10,OH,520112.0,0.0,0.0,0.0,0.0,0.0,137369.0,138064.90768715908,128870.44219671894
2020-12-11,OH,542209.0,22097.0,0.0,0.0,0.0,0.0,142401.0,137312.39081015548,128851.05020673672
2020-12-12,OH,553461.0,11252.0,0.0,0.0,0.0,0.0,146758.0,137319.60815513905,133551.17243219074
2020-12-13,OH,562727.0,9266.0,0.0,0.0,0.0,0.0,148295.0,142352.32966474202,137616.94587243054
2020-12-14,OH,570602.0,7875.0,0.0,0.0,0.0,0.0,149539.0,146711.95798191385,139037.59302379587
2020-12-15,OH,579357.0,8755.0,0.0,0.0,0.0,0.0,149264.0,148249.72180497975,140183.32982239153
2020-12-16,OH,584766.0,5409.0,4.0,0.0,4.0,0.0,146838.0,149493.97930005554,139905.16492401215
2020-12-17,OH,596178.0,11412.0,467.0,0.0,463.0,0.0,149329.0,149217.14179084066,137611.50006992492
2020-12-18,OH,605862.0,9684.0,1726.0,0.0,1259.0,0.0,148899.0,146793.94359115168,139926.2351285907
2020-12-19,OH,614429.0,8567.0,3733.0,0.0,2007.0,0.0,146997.0,149285.91756025018,139503.75342618627
2020-12-20,OH,622806.0,8377.0,5120.0,0.0,1387.0,0.0,147782.0,148853.99815867204,137702.72003802692
2020-12-21,OH,629354.0,6548.0,5289.0,0.0,169.0,0.0,145057.0,146942.8124936709,138419.26510537806
2020-12-22,OH,637032.0,7678.0,5614.0,1.0,325.0,1.0,127014.0,147729.92290649182,135848.6293343209
2020-12-23,OH,644822.0,7790.0,7973.0,4.0,2359.0,3.0,124710.0,145005.62380775457,118935.31863749426
2020-12-24,OH,653650.0,8828.0,10765.0,4.0,2792.0,0.0,133538.0,126935.25774492783,116763.32110204516
2020-12-25,OH,653650.0,0.0,18398.0,6.0,7633.0,2.0,111441.0,124627.14730331299,125013.49926453091
2020-12-26,OH,664668.0,11018.0,33036.0,7.0,14638.0,1.0,111207.0,133458.3126911225,104314.17909195201
2020-12-27,OH,670525.0,5857.0,33810.0,8.0,774.0,1.0,107798.0,111291.04647183898,104083.15750894671
2020-12-28,OH,675044.0,4519.0,34893.0,8.0,1083.0,0.0,104442.0,111057.20016105383,100881.06241635921
2020-12-29,OH,682570.0,7526.0,48169.0,12.0,13276.0,4.0,103213.0,107642.97706319962,97729.52285130754
2020-12-30,OH,690748.0,8178.0,49068.0,13.0,899.0,1.0,105982.0,104275.3036064148,96568.9867290338
2020-12-31,OH,700380.0,9632.0,65333.0,18.0,16265.0,5.0,104202.0,103045.3975015235,99149.0997186154
2021-01-01,OH,700380.0,0.0,84027.0,22.0,18694.0,4.0,94518.0,105824.46449970911,97473.43777132596
2021-01-02,OH,714673.0,14293.0,107939.0,25.0,23912.0,3.0,100244.0,104042.5610112097,88405.46149418368
2021-01-03,OH,721481.0,6808.0,110994.0,27.0,3055.0,2.0,98675.0,94335.02831066283,93751.69175924911
2021-01-04,OH,727423.0,5942.0,111243.0,28.0,249.0,1.0,98069.0,100063.91332017144,92274.93909101153
2021-01-05,OH,735003.0,7580.0,123406.0,54.0,12163.0,26.0,97971.0,98494.00212744306,91699.08490054146
2021-01-06,OH,742817.0,7814.0,124454.0,161.0,1048.0,107.0,97995.0,97888.2512200347,91598.42351920521
2021-01-07,OH,753068.0,10251.0,125814.0,567.0,1360.0,406.0,99418.0,97790.9835908685,91611.9413660197
2021-01-08,OH,762603.0,9535.0,159103.0,1004.0,33289.0,437.0,108953.0,97815.81343402238,92933.30629258149
2021-01-09,OH,770977.0,8374.0,180589.0,1481.0,21486.0,477.0,106309.0,99240.54589603124,101836.63913183406
2021-01-10,OH,777065.0,6088.0,211380.0,1619.0,30791.0,138.0,106540.0,108777.66317206687,99355.67264991664
2021-01-11,OH,784957.0,7892.0,212673.0,1857.0,1293.0,238.0,109913.0,106131.00904513826,99562.07223724564
2021-01-12,OH,792938.0,7981.0,217833.0,2250.0,5160.0,393.0,110368.0,106362.90280410265,102704.47150014398
2021-01-13,OH,799639.0,6701.0,229116.0,2773.0,11283.0,523.0,108891.0,109746.25367019951,103119.92229336097
2021-01-14,OH,807293.0,7654.0,243265.0,3386.0,14149.0,613.0,106913.0,110202.50077278304,101730.44152148481
2021-01-15,OH,814442.0,7149.0,258198.0,5278.0,14933.0,1892.0,114062.0,108724.28275786148,99873.35912987718
2021-01-16,OH,821507.0,7065.0,298295.0,10469.0,40097.0,5191.0,106834.0,106737.55460663303,106542.04586705737
2021-01-17,OH,826754.0,5247.0,312780.0,11532.0,14485.0,1063.0,105273.0,113898.15807841794,99781.50095392289
2021-01-18,OH,831066.0,4312.0,318772.0,12206.0,5992.0,674.0,103643.0,106651.784251821,98314.9091737209
2021-01-19,OH,836055.0,4989.0,319894.0,12370.0,1122.0,164.0,101052.0,105090.07126976745,96784.28236075433
2021-01-20,OH,842433.0,6378.0,329842.0,14564.0,9948.0,2194.0,99616.0,103459.4557043764,94356.73029485292
2021-01-21,OH,849704.0,7271.0,331862.0,15466.0,2020.0,902.0,96636.0,100867.15429278101,93008.13158695785
2021-01-22,OH,853982.0,4278.0,363750.0,24809.0,31888.0,9343.0,91379.0,99431.15428384865,90218.41832693333
2021-01-23,OH,859841.0,5859.0,389979.0,33913.0,26229.0,9104.0,88864.0,96450.34918407226,85303.70087790498
2021-01-24,OH,864322.0,4481.0,418625.0,42829.0,28646.0,8916.0,87257.0,91198.00158330383,82949.45949317215
2021-01-25,OH,868656.0,4334.0,440905.0,47203.0,22280.0,4374.0,83699.0,88687.12433236263,81443.2118154141
2021-01-26,OH,872918.0,4262.0,456978.0,49884.0,16073.0,2681.0,79980.0,87080.04640869843,78116.42553758538
2021-01-27,OH,878284.0,5366.0,473719.0,56205.0,16741.0,6321.0,78645.0,83521.04227384011,74640.02149403398
2021-01-28,OH,883716.0,5432.0,495059.0,68568.0,21340.0,12363.0,76423.0,79801.1660114988,73388.924921292
2021-01-29,OH,888590.0,4874.0,515955.0,83839.0,20896.0,15271.0,74148.0,78476.49009614598,71310.42863325392
2021-01-30,OH,892781.0,4191.0,549394.0,102660.0,33439.0,18821.0,71274.0,76260.25425531398,69182.86766321388
2021-01-31,OH,895792.0,3011.0,595644.0,121590.0,46250.0,18930.0,69038.0,73987.36238600237,66496.83876385084
2021-02-01,OH,899079.0,3287.0,600678.0,121830.0,5034.0,240.0,68013.0,71121.73250676936,64406.46612343915
2021-02-02,OH,902736.0,3657.0,621523.0,129055.0,20845.0,7225.0,66681.0,68891.7734398765,63446.135581354894
2021-02-03,OH,906727.0,3991.0,643941.0,137080.0,22418.0,8025.0,64294.0,67870.85417401907,62199.622426714086
2021-02-04,OH,910847.0,4120.0,665866.0,149576.0,21925.0,12496.0,61143.0,66542.91304438148,59969.29544408997
2021-02-05,OH,914530.0,3683.0,686276.0,167540.0,20410.0,17964.0,60548.0,64164.504124336934,57026.7561168258
2021-02-06,OH,918079.0,3549.0,718233.0,188395.0,31957.0,20855.0,58238.0,61025.36644822056,56468.440560708055
2021-02-07,OH,920217.0,2138.0,767800.0,219598.0,49567.0,31203.0,55895.0,60432.387929295466,54310.88286203527
2021-02-08,OH,922143.0,1926.0,785298.0,224577.0,17498.0,4979.0,53487.0,58133.361036199014,52122.870519188786
2021-02-09,OH,925350.0,3207.0,800542.0,235569.0,15244.0,10992.0,52432.0,55800.959411177624,49874.56149398611
2021-02-10,OH,928631.0,3281.0,824335.0,252757.0,23793.0,17188.0,50347.0,53404.32263331114,48888.11491988699
2021-02-11,OH,931437.0,2806.0,825824.0,254951.0,1489.0,2194.0,47721.0,52354.69860616237,46941.488586183645
2021-02-12,OH,934742.0,3305.0,868496.0,273479.0,42672.0,18528.0,46152.0,50280.095578291424,44490.744281670406
2021-02-13,OH,937541.0,2799.0,898585.0,299152.0,30089.0,25673.0,44760.0,47667.956173214145,43025.71252074982
2021-02-14,OH,939350.0,1809.0,934691.0,331465.0,36106.0,32313.0,43558.0,46107.14347822865,41725.87431387381
2021-02-15,OH,941265.0,1915.0,965877.0,348593.0,31186.0,17128.0,42186.0,44722.4919049774,40603.31652983195
2021-02-16,OH,943291.0,2026.0,985772.0,357854.0,19895.0,9261.0,40555.0,43526.89132653945,39322.44370747506
2021-02-17,OH,945107.0,1816.0,1013161.0,382558.0,27389.0,24704.0,38380.0,42162.19623986256,37800.32253906322
2021-02-18,OH,947389.0,2282.0,1037161.0,402595.0,24000.0,20037.0,36542.0,40539.882014786184,35771.35715728935
2021-02-19,OH,949695.0,2306.0,1058384.0,433682.0,21223.0,31087.0,35165.0,38376.46617689095,34056.69959995349
2021-02-20,OH,952306.0,2611.0,1059465.0,435607.0,1081.0,1925.0,34227.0,36548.25118759718,32771.85875308467
2021-02-21,OH,953767.0,1461.0,1083338.0,476395.0,23873.0,40788.0,33550.0,35178.53877369198,31896.26637020263
2021-02-22,OH,955378.0,1611.0,1093477.0,500182.0,10139.0,23787.0,33235.0,34245.45063468978,31263.99014337416
2021-02-23,OH,958153.0,2775.0,1103342.0,516872.0,9865.0,16690.0,32803.0,33571.949518709705,30969.108410824156
2021-02-24,OH,959995.0,1842.0,1122681.0,538679.0,19339.0,21807.0,31364.0,33258.521034908554,30565.25007130546
2021-02-25,OH,962404.0,2409.0,1144268.0,565222.0,21587.0,26543.0,30967.0,32828.696467476686,29223.17816366117
2021-02-26,OH,964380.0,1976.0,1171320.0,590775.0,27052.0,25553.0,29638.0,31397.117161081977,28852.077432998376
2021-02-27,OH,966154.0,1774.0,1205359.0,622239.0,34039.0,31464.0,28613.0,31002.05065674013,27612.710109317875
2021-02-28,OH,967422.0,1268.0,1273586.0,677098.0,68227.0,54859.0,28072.0,29679.777447406414,26656.6790958537
2021-03-01,OH,968874.0,1452.0,1275018.0,677328.0,1432.0,230.0,27609.0,28659.857383514238,26151.632343604968
2021-03-02,OH,970583.0,1709.0,1299161.0,698591.0,24143.0,21263.0,27292.0,28121.42386569636,25719.300742841275
2021-03-03,OH,972605.0,2022.0,1329187.0,718137.0,30026.0,19546.0,27498.0,27660.573853209626,25423.017739055977
2021-03-04,OH,974480.0,1875.0,1357107.0,738854.0,27920.0,20717.0,27091.0,27344.97447335801,25613.93543115272
2021-03-05,OH,976230.0,1750.0,1391194.0,757571.0,34087.0,18717.0,26535.0,27549.75713795185,25233.869649454737
2021-03-06,OH,977736.0,1506.0,1444585.0,789306.0,53391.0,31735.0,25430.0,27144.603410384312,24715.0640058657
2021-03-07,OH,978471.0,735.0,1490093.0,830952.0,45508.0,41646.0,24704.0,26591.1731430105,23684.982121410358
2021-03-08,OH,979725.0,1254.0,1540484.0,881031.0,50391.0,50079.0,24347.0,25491.418247912632,23007.970462358404
2021-03-09,OH,981618.0,1893.0,1542255.0,882453.0,1771.0,1422.0,23465.0,24768.7330388976,22674.674212406408
2021-03-10,OH,983486.0,1868.0,1573229.0,907788.0,30974.0,25335.0,23491.0,24413.22804351827,21852.489614308262
2021-03-11,OH,984934.0,1448.0,1614168.0,935247.0,40939.0,27459.0,22530.0,23535.221070846703,21875.947849435433
2021-03-12,OH,986740.0,1806.0,1669511.0,971668.0,55343.0,36421.0,22360.0,23560.85789322971,20980.301719744002
2021-03-13,OH,988298.0,1558.0,1735913.0,1015731.0,66402.0,44063.0,22144.0,22604.159988419742,20821.295613264225
2021-03-14,OH,989191.0,893.0,1791529.0,1051909.0,55616.0,36178.0,21769.0,22434.702316758976,20619.475066860035
2021-03-15,OH,990340.0,1149.0,1833477.0,1081983.0,41948.0,30074.0,21466.0,22219.455326877418,20269.627287136045
2021-03-16,OH,992223.0,1883.0,1853637.0,1100051.0,20160.0,18068.0,21640.0,21845.93905069201,19986.849627175296
2021-03-17,OH,993681.0,1458.0,1885074.0,1122325.0,31437.0,22274.0,21076.0,21544.077431487018,20148.215537112035
2021-03-18,OH,995785.0,2104.0,1938480.0,1146084.0,53406.0,23759.0,21305.0,21717.02148743548,19622.473875861866
2021-03-19,OH,997336.0,1551.0,1996465.0,1175920.0,57985.0,29836.0,21106.0,21155.35454878248,19835.061163315793
2021-03-20,OH,998819.0,1483.0,2061077.0,1206420.0,64612.0,30500.0,21083.0,21383.051577282364,19649.18278359007
2021-03-21,OH,999750.0,931.0,2171531.0,1266074.0,110454.0,59654.0,21279.0,21184.704087369708,19627.169785702434
2021-03-22,OH,1001194.0,1444.0,2173341.0,1267138.0,1810.0,1064.0,21469.0,21161.551765339904,19809.03578107945
2021-03-23,OH,1002822.0,1628.0,2203174.0,1281219.0,29833.0,14081.0,21204.0,21356.403929555945,19985.310766681494
2021-03-24,OH,1004670.0,1848.0,2252884.0,1300159.0,49710.0,18940.0,21184.0,21545.284568640054,19738.03748587348
2021-03-25,OH,1006171.0,1501.0,2306242.0,1327777.0,53358.0,27618.0,21237.0,21281.248717950777,19718.84099082894
2021-03-26,OH,1008913.0,2742.0,2370304.0,1368826.0,64062.0,41049.0,22173.0,21261.089853184476,19767.600763635717
2021-03-27,OH,1010603.0,1690.0,2439815.0,1413021.0,69511.0,44195.0,22305.0,21313.59966341196,20638.244513780835
2021-03-28,OH,1011622.0,1019.0,2540206.0,1490747.0,100391.0,77726.0,22431.0,22245.077055281363,20760.512245151527
2021-03-29,OH,1013119.0,1497.0,2540660.0,1491867.0,454.0,1120.0,22779.0,22376.2325617597,20877.19415462658
2021-03-30,OH,1015577.0,2458.0,2565342.0,1508281.0,24682.0,16414.0,23354.0,22501.4178350549,21200.491144007832
2021-03-31,OH,1017566.0,1989.0,2602764.0,1534650.0,37422.0,26369.0,23885.0,22847.57325242298,21735.038284409125
2021-04-01,OH,1020041.0,2475.0,2653963.0,1569399.0,51199.0,34749.0,24256.0,23419.66493401725,22228.61049562763
2021-04-02,OH,1021718.0,1677.0,2717520.0,1614843.0,63557.0,45444.0,24382.0,23947.951220393297,22573.259034581566
2021-04-03,OH,1024011.0,2293.0,2793709.0,1674050.0,76189.0,59207.0,25192.0,24316.987782472534,22689.8961572203
2021-04-04,OH,1024011.0,0.0,2853421.0,1725813.0,59712.0,51763.0,24261.0,24442.189933331305,23443.04604833338
2021-04-05,OH,1026929.0,2918.0,2891287.0,1755533.0,37866.0,29720.0,25735.0,25248.127815137508,22576.07025926783
2021-04-06,OH,1028800.0,1871.0,2911192.0,1771079.0,19905.0,15546.0,25978.0,24321.41861139919,23947.064847686306
2021-04-07,OH,1030864.0,2064.0,2952915.0,1800814.0,41723.0,29735.0,26194.0,25788.188404280874,24172.539468705254
2021-04-08,OH,1033606.0,2742.0,3005289.0,1860395.0,52374.0,59581.0,27435.0,26029.83782069757,24372.884697142148
2021-04-09,OH,1035552.0,1946.0,3069409.0,1927105.0,64120.0,66710.0,26639.0,26244.620367232317,25526.937758771688
2021-04-10,OH,1037600.0,2048.0,3127804.0,1999494.0,58395.0,72389.0,26997.0,27479.40345912666,24785.65033658131
2021-04-11,OH,1039455.0,1855.0,3184430.0,2079549.0,56626.0,80055.0,27833.0,26687.175617803186,25118.097755392148
2021-04-12,OH,1041389.0,1934.0,3221761.0,2131660.0,37331.0,52111.0,28270.0,27043.269533640043,25895.254356960802
2021-04-13,OH,1043729.0,2340.0,3266158.0,2208658.0,44397.0,76998.0,28152.0,27875.016049284623,26301.161587447383
2021-04-14,OH,1045945.0,2216.0,3267511.0,2210519.0,1353.0,1861.0,28379.0,28309.72001879612,26190.718257942797
2021-04-15,OH,1048109.0,2164.0,3341375.0,2331224.0,73864.0,120705.0,28068.0,28192.175795787014,26401.2447060577
2021-04-16,OH,1050112.0,2003.0,3342677.0,2333026.0,1302.0,1802.0,28394.0,28417.922673886045,26111.272318014402
2021-04-17,OH,1052099.0,1987.0,3380574.0,2414860.0,37897.0,81834.0,28088.0,28108.336718115694,26413.900482364363
2021-04-18,OH,1053175.0,1076.0,3414792.0,2473441.0,34218.0,58581.0,29164.0,28432.596917458926,26128.60656075888
2021-04-19,OH,1054807.0,1632.0,3436045.0,2516551.0,21253.0,43110.0,27878.0,28127.98625366473,27128.896866884512
2021-04-20,OH,1056606.0,1799.0,3450435.0,2544248.0,14390.0,27697.0,27806.0,29198.541896409413,25932.01595777048
2021-04-21,OH,1058395.0,1789.0,3492912.0,2649583.0,42477.0,105335.0,27531.0,27918.81759285853,25864.437230112897
2021-04-22,OH,1060119.0,1724.0,3493987.0,2650986.0,1075.0,1403.0,26513.0,27847.042243659933,25608.04724542683
2021-04-23,OH,1061907.0,1788.0,3526225.0,2722343.0,32238.0,71357.0,26355.0,27573.263164645534,24660.58864823884
2021-04-24,OH,1063433.0,1526.0,3551802.0,2791605.0,25577.0,69262.0,25833.0,26560.10929274813,24513.079604737803
2021-04-25,OH,1064306.0,873.0,3579608.0,2852950.0,27806.0,61345.0,24851.0,26402.72796026009,24027.030656677918
2021-04-26,OH,1065702.0,1396.0,3605570.0,2922867.0,25962.0,69917.0,24313.0,25883.102215134,23113.17880805875
2021-04-27,OH,1067262.0,1560.0,3606348.0,2924149.0,778.0,1282.0,23533.0,24905.659872621967,22612.318751189356
2021-04-28,OH,1068985.0,1723.0,3621483.0,2960242.0,15135.0,36093.0,23040.0,24370.045590581605,21886.41993093139
2021-04-29,OH,1070771.0,1786.0,3670644.0,3061768.0,49161.0,101526.0,22662.0,23593.545216367016,21427.473037372525
2021-04-30,OH,1072312.0,1541.0,3671316.0,3062979.0,672.0,1211.0,22200.0,23102.660427074596,21075.5008841847
2021-05-01,OH,1074019.0,1707.0,3707848.0,3161544.0,36532.0,98565.0,21920.0,22726.22185756322,20645.431150860266
2021-05-02,OH,1075004.0,985.0,3716466.0,3181036.0,8618.0,19492.0,21829.0,22266.155651965804,20384.636748771623
2021-05-03,OH,1075999.0,995.0,3720760.0,3188447.0,4294.0,7411.0,21192.0,21987.238539200116,20299.616167064152
2021-05-04,OH,1077284.0,1285.0,3733819.0,3212075.0,13059.0,23628.0,20678.0,21896.45349249164,19706.86695208194
2021-05-05,OH,1078734.0,1450.0,3734545.0,3213118.0,726.0,1043.0,20339.0,21262.145121488786,19228.52484583594
2021-05-06,OH,1080121.0,1387.0,3750979.0,3253515.0,16434.0,40397.0,20002.0,20750.248862428714,18912.936374814664
2021-05-07,OH,1081518.0,1397.0,3777567.0,3304204.0,26588.0,50689.0,19611.0,20412.549005886292,18599.224235582238
2021-05-08,OH,1082815.0,1297.0,3809634.0,3397999.0,32067.0,93795.0,19382.0,20076.82881376472,18235.316338380948
2021-05-09,OH,1083609.0,794.0,3814214.0,3425007.0,4580.0,27008.0,19303.0,19687.334768610373,18022.059602079025
2021-05-10,OH,1084322.0,713.0,3814880.0,3425770.0,666.0,763.0,18620.0,19459.11775675638,17948.287339276776
2021-05-11,OH,1085733.0,1411.0,3838219.0,3459132.0,23339.0,33362.0,18471.0,19380.24185959022,17312.920545231358
2021-05-12,OH,1087182.0,1449.0,3861480.0,3517829.0,23261.0,58697.0,18197.0,18700.690414597535,17174.08714861725
2021-05-13,OH,1088343.0,1161.0,3862060.0,3518731.0,580.0,902.0,17572.0,18552.106662904524,16919.040632410106
2021-05-14,OH,1089357.0,1014.0,3883017.0,3546621.0,20957.0,27890.0,17045.0,18279.059128614812,16337.662371296452
2021-05-15,OH,1090276.0,919.0,3921492.0,3603317.0,38475.0,56696.0,16257.0,17656.504999030465,15847.422672843328
2021-05-16,OH,1090894.0,618.0,3921976.0,3603896.0,484.0,579.0,15890.0,17131.49758533967,15114.54487888389
2021-05-17,OH,1091623.0,729.0,3937580.0,3619646.0,15604.0,15750.0,15624.0,16346.54936150146,14773.103486189808
2021-05-18,OH,1092616.0,993.0,3949039.0,3630953.0,11459.0,11307.0,15332.0,15980.811901160792,14525.575555445877
2021-05-19,OH,1093534.0,918.0,3966759.0,3649659.0,17720.0,18706.0,14800.0,15715.648430988382,14253.886586485636
2021-05-20,OH,1094742.0,1208.0,4014796.0,3690339.0,48037.0,40680.0,14621.0,15424.582353522674,13759.088570789012
2021-05-21,OH,1095746.0,1004.0,4015783.0,3691385.0,987.0,1046.0,14228.0,14894.470810144412,13592.476923179864
2021-05-22,OH,1096617.0,871.0,4050772.0,3720751.0,34989.0,29366.0,13802.0,14715.928258626049,13226.929584218104
2021-05-23,OH,1097300.0,683.0,4086721.0,3757003.0,35949.0,36252.0,13691.0,14324.22818927652,12830.71815499546
2021-05-24,OH,1097866.0,566.0,4086956.0,3757151.0,235.0,148.0,13544.0,13899.640093729784,12727.349517329283
2021-05-25,OH,1098593.0,727.0,4094607.0,3764410.0,7651.0,7259.0,12860.0,13788.812015538173,12590.520259953671
2021-05-26,OH,1099580.0,987.0,4113416.0,3781566.0,18809.0,17156.0,12398.0,13642.122381254863,11954.507953078735
2021-05-27,OH,1100312.0,732.0,4133329.0,3800522.0,19913.0,18956.0,11969.0,12960.49585752541,11524.882205541071
2021-05-28,OH,1100972.0,660.0,4148603.0,3817327.0,15274.0,16805.0,11615.0,12502.722397336169,11125.94623372788
2021-05-29,OH,1101557.0,585.0,4163913.0,3834904.0,15310.0,17577.0,11281.0,12074.72234464715,10796.739598377235
2021-05-30,OH,1101934.0,377.0,4186956.0,3862780.0,23043.0,27876.0,11040.0,11721.45137783697,10486.134492972675
2021-05-31,OH,1102244.0,310.0,4187170.0,3862941.0,214.0,161.0,10621.0,11388.091813494575,10261.985465839674
2021-06-01,OH,1102556.0,312.0,4192087.0,3868384.0,4917.0,5443.0,9940.0,11147.434063286608,9872.390036719467
2021-06-02,OH,1102890.0,334.0,4205095.0,3883887.0,13008.0,15503.0,9356.0,10729.27482224584,9239.27612297672
2021-06-03,OH,1103380.0,490.0,4205698.0,3884555.0,603.0,668.0,8638.0,10049.796533509325,8696.340869186895
2021-06-04,OH,1104001.0,621.0,4217553.0,3899215.0,11855.0,14660.0,8255.0,9466.95808565689,8028.869954850461
2021-06-05,OH,1104380.0,379.0,4230484.0,3917423.0,12931.0,18208.0,7763.0,8750.368595734912,7672.789755720534
2021-06-06,OH,1104648.0,268.0,4242574.0,3940455.0,12090.0,23032.0,7348.0,8367.87863475961,7215.407892247893
2021-06-07,OH,1104903.0,255.0,4254427.0,3969628.0,11853.0,29173.0,7037.0,7876.59829333147,6829.605548503012
2021-06-08,OH,1105329.0,426.0,4263680.0,3987445.0,9253.0,17817.0,6736.0,7462.094117959328,6540.47487868302
2021-06-09,OH,1105720.0,391.0,4273380.0,4006122.0,9700.0,18677.0,6140.0,7151.333998914801,6260.645906809292
2021-06-10,OH,1106064.0,344.0,4274135.0,4006867.0,755.0,745.0,5752.0,6850.530721978488,5706.644769147974
2021-06-11,OH,1106411.0,347.0,4293935.0,4047087.0,19800.0,40220.0,5439.0,6259.395159240539,5345.974072352871
2021-06-12,OH,1106796.0,385.0,4294426.0,4047662.0,491.0,575.0,5239.0,5872.2846165355295,5055.016890013346
2021-06-13,OH,1107047.0,251.0,4303727.0,4068558.0,9301.0,20896.0,5113.0,5559.936643268033,4869.087773572145
2021-06-14,OH,1107225.0,178.0,4308520.0,4083508.0,4793.0,14950.0,4981.0,5360.245259733543,4751.937409077456
2021-06-15,OH,1107521.0,296.0,4310788.0,4090904.0,2268.0,7396.0,4965.0,5234.332919528759,4629.213686501626
2021-06-16,OH,1107902.0,381.0,4319475.0,4109616.0,8687.0,18712.0,5012.0,5102.438998922691,4614.299303636723
2021-06-17,OH,1108146.0,244.0,4330746.0,4137882.0,11271.0,28266.0,4766.0,5086.20238881604,4657.935131558421
2021-06-18,OH,1108398.0,252.0,4339775.0,4158456.0,9029.0,20574.0,4397.0,5132.780338118606,4429.271629387014
2021-06-19,OH,1108650.0,252.0,4348577.0,4174217.0,8802.0,15761.0,4270.0,4887.231621017934,4086.304325796844
2021-06-20,OH,1108902.0,252.0,4355350.0,4187731.0,6773.0,13514.0,4254.0,4519.045161672522,3968.2420428437727
2021-06-21,OH,1109025.0,123.0,4364219.0,4206615.0,8869.0,18884.0,4122.0,4391.369262686785,3953.3371409369133
2021-06-22,OH,1109374.0,349.0,4370100.0,4214890.0,5881.0,8275.0,4045.0,4375.134337795571,3830.6324486425456
2021-06-23,OH,1109697.0,323.0,4370448.0,4215282.0,348.0,392.0,3977.0,4243.237537707286,3759.0421942877547
2021-06-24,OH,1110000.0,303.0,4377719.0,4226105.0,7271.0,10823.0,3936.0,4166.18341504634,3695.817261403797
2021-06-25,OH,1110292.0,292.0,4386732.0,4238439.0,9013.0,12334.0,3881.0,4098.105913403753,3657.684618119958
2021-06-26,OH,1110546.0,254.0,4393959.0,4248288.0,7227.0,9849.0,3750.0,4056.952045448943,3606.543025401556
2021-06-27,OH,1110700.0,154.0,4402914.0,4262687.0,8955.0,14399.0,3653.0,4001.8413414584866,3484.777813582204
2021-06-28,OH,1110847.0,147.0,4419871.0,4288793.0,16957.0,26106.0,3622.0,3870.9559900587956,3394.6100750187816
2021-06-29,OH,1111124.0,277.0,4424851.0,4294983.0,4980.0,6190.0,3603.0,3773.973459028475,3365.775248386825
2021-06-30,OH,1111324.0,200.0,4431404.0,4303720.0,6553.0,8737.0,3422.0,3742.799223083697,3348.0922036908137
2021-07-01,OH,1111903.0,579.0,4431978.0,4304159.0,574.0,439.0,3757.0,3723.5912731418284,3179.8722356152603
2021-07-02,OH,1112088.0,185.0,4439088.0,4313859.0,7110.0,9700.0,3690.0,3542.8668472487916,3491.1413184073012
2021-07-03,OH,1112289.0,201.0,4451717.0,4329556.0,12629.0,15697.0,3639.0,3876.613941638727,3428.8554321685933
2021-07-04,OH,1112394.0,105.0,4451856.0,4329676.0,139.0,120.0,3492.0,3809.554846193867,3381.43838904867
2021-07-05,OH,1112499.0,105.0,4455302.0,4335028.0,3446.0,5352.0,3474.0,3758.4499371148704,3244.8177671361227
2021-07-06,OH,1112689.0,190.0,4456891.0,4337403.0,1589.0,2375.0,3315.0,3616.121652715523,3228.067366844125
2021-07-07,OH,1113006.0,317.0,4464447.0,4347377.0,7556.0,9974.0,3309.0,3597.706086194823,3080.3001846289176
2021-07-08,OH,1113383.0,377.0,4465062.0,4347768.0,615.0,391.0,3383.0,3438.482742185275,3074.7021837115094
2021-07-09,OH,1113737.0,354.0,4471549.0,4356572.0,6487.0,8804.0,3445.0,3432.0548758322875,3143.439453918679
2021-07-10,OH,1114036.0,299.0,4477270.0,4363696.0,5721.0,7124.0,3490.0,3505.5230348190744,3201.025743694384
2021-07-11,OH,1114267.0,231.0,4484114.0,4372615.0,6844.0,8919.0,3567.0,3567.009113400345,3242.8154450709617
2021-07-12,OH,1114491.0,224.0,4490346.0,4381142.0,6232.0,8527.0,3644.0,3611.520871492685,3314.338091352635
2021-07-13,OH,1114835.0,344.0,4495605.0,4386676.0,5259.0,5534.0,3711.0,3687.9894085039996,3385.859907194517
2021-07-14,OH,1115242.0,407.0,4495907.0,4386947.0,302.0,271.0,3918.0,3764.459193073526,3448.0893659672697
2021-07-15,OH,1115789.0,547.0,4496709.0,4387720.0,802.0,773.0,3886.0,3830.945115573035,3640.398760501549
2021-07-16,OH,1116322.0,533.0,4508175.0,4400565.0,11466.0,12845.0,4234.0,4037.218383100757,3610.640946444763
2021-07-17,OH,1116808.0,486.0,4518970.0,4412547.0,10795.0,11982.0,4519.0,4004.8624271219014,3933.9548748566376
2021-07-18,OH,1117109.0,301.0,4522547.0,4416762.0,3577.0,4215.0,4715.0,4351.900077270882,4198.729303373411
2021-07-19,OH,1117769.0,660.0,4522709.0,4416871.0,162.0,109.0,5270.0,4636.016672474296,4380.8083330559875
2021-07-20,OH,1118513.0,744.0,4530848.0,4424795.0,8139.0,7924.0,5824.0,4831.275448092783,4896.437383301727
2021-07-21,OH,1119298.0,785.0,4531218.0,4425094.0,370.0,299.0,6292.0,5380.3256670510855,5411.130076839806
2021-07-22,OH,1120120.0,822.0,4537838.0,4430870.0,6620.0,5776.0,6737.0,5932.293293668743,5845.912669439968
2021-07-23,OH,1120922.0,802.0,4545660.0,4437979.0,7822.0,7109.0,7185.0,6398.521126179032,6259.319922672379
2021-07-24,OH,1121609.0,687.0,4559253.0,4449415.0,13593.0,11436.0,7573.0,6841.809406739525,6675.50861586791
2021-07-25,OH,1122104.0,495.0,4559420.0,4449495.0,167.0,80.0,7837.0,7288.073043532808,7035.946433185655
2021-07-26,OH,1122647.0,543.0,4564763.0,4453846.0,5343.0,4351.0,8156.0,7674.525123602012,7281.1737016213665
2021-07-27,OH,1123964.0,1317.0,4574212.0,4459897.0,9449.0,6051.0,9129.0,7937.39090136049,7577.496566832301
2021-07-28,OH,1125420.0,1456.0,4574600.0,4460139.0,388.0,242.0,10178.0,8255.062287902885,8481.423092087933
2021-07-29,OH,1126625.0,1205.0,4593295.0,4480977.0,18695.0,20838.0,10836.0,9224.446535622374,9455.944346952223
2021-07-30,OH,1127808.0,1183.0,4593679.0,4481191.0,384.0,214.0,11486.0,10270.074510953393,10067.191755107324
2021-07-31,OH,1129277.0,1469.0,4610405.0,4493898.0,16726.0,12707.0,12469.0,10925.420115275974,10670.997475376269
2021-08-01,OH,1130134.0,857.0,4616387.0,4498399.0,5982.0,4501.0,13025.0,11572.760586896802,11584.163239613266
2021-08-02,OH,1131029.0,895.0,4616680.0,4498536.0,293.0,137.0,13260.0,12551.786505132764,12100.618393395618
2021-08-03,OH,1132798.0,1769.0,4629234.0,4506920.0,12554.0,8384.0,14285.0,13105.413106530927,12318.849042309288
2021-08-04,OH,1134965.0,2167.0,4629735.0,4507202.0,501.0,282.0,15667.0,13339.292468872685,13270.9998257533
2021-08-05,OH,1136934.0,1969.0,4648794.0,4519091.0,19059.0,11889.0,16814.0,14360.010407643498,14554.791204237066
2021-08-06,OH,1138600.0,1666.0,4649277.0,4519332.0,483.0,241.0,17678.0,15736.183440900153,15620.244800544977
2021-08-07,OH,1140917.0,2317.0,4658991.0,4525599.0,9714.0,6267.0,19308.0,16878.206658157353,16422.77407403512
2021-08-08,OH,1142330.0,1413.0,4675668.0,4536428.0,16677.0,10829.0,20226.0,17738.357830610417,17936.893876431935
2021-08-09,OH,1143599.0,1269.0,4680889.0,4540173.0,5221.0,3745.0,20952.0,19359.86985876502,18789.55142108698
2021-08-10,OH,1145925.0,2326.0,4690183.0,4545752.0,9294.0,5579.0,21961.0,20273.87543363458,19463.830585218122
2021-08-11,OH,1149318.0,3393.0,4690552.0,4545952.0,369.0,200.0,23898.0,20996.64543617655,20400.99459682173
2021-08-12,OH,1152590.0,3272.0,4707274.0,4557870.0,16722.0,11918.0,25965.0,22001.139506626903,22200.212848028346
2021-08-13,OH,1155322.0,2732.0,4707862.0,4558236.0,588.0,366.0,27514.0,23929.401994162796,24120.157510498546
2021-08-14,OH,1157782.0,2460.0,4721942.0,4568374.0,14080.0,10138.0,28505.0,25986.849595538228,25558.86980942129
2021-08-15,OH,1159759.0,1977.0,4731758.0,4576402.0,9816.0,8028.0,29625.0,27528.561460806755,26479.206825969435
2021-08-16,OH,1161573.0,1814.0,4739944.0,4583252.0,8186.0,6850.0,30544.0,28514.856149748535,27519.3555597414
2021-08-17,OH,1164808.0,3235.0,4744450.0,4587359.0,4506.0,4107.0,32010.0,29629.5283267798,28372.769887397997
2021-08-18,OH,1168111.0,3303.0,4754692.0,4594860.0,10242.0,7501.0,33146.0,30544.152547930767,29734.277524956156
2021-08-19,OH,1171557.0,3446.0,4765470.0,4603392.0,10778.0,8532.0,34623.0,32003.18137061139,30789.21790624103
2021-08-20,OH,1175340.0,3783.0,4775772.0,4611755.0,10302.0,8363.0,36740.0,33133.80334456122,32160.885136635086
2021-08-21,OH,1178792.0,3452.0,4795750.0,4629311.0,19978.0,17556.0,37875.0,34603.850240818894,34127.00208925592
2021-08-22,OH,1180986.0,2194.0,4802592.0,4636610.0,6842.0,7299.0,38656.0,36710.9934692665,35180.91990367267
2021-08-23,OH,1183761.0,2775.0,4806938.0,4641623.0,4346.0,5013.0,40162.0,37840.82975450607,35905.996085617655
2021-08-24,OH,1187878.0,4117.0,4816022.0,4648540.0,9084.0,6917.0,41953.0,38618.34405675699,37304.472166078456
2021-08-25,OH,1192478.0,4600.0,4827057.0,4658480.0,11035.0,9940.0,43160.0,40117.67466343919,38967.632054630856
2021-08-26,OH,1197873.0,5395.0,4827641.0,4658927.0,584.0,447.0,45283.0,41900.95650974047,40088.31100628867
2021-08-27,OH,1202728.0,4855.0,4837839.0,4668141.0,10198.0,9214.0,47406.0,43102.95727866131,42059.76048841975
2021-08-28,OH,1207932.0,5204.0,4848325.0,4677304.0,10486.0,9163.0,50150.0,45217.43420661478,44031.15476972148
2021-08-29,OH,1211895.0,3963.0,4859708.0,4688095.0,11383.0,10791.0,52136.0,47332.44147512052,46579.27662944736
2021-08-30,OH,1214986.0,3091.0,4867317.0,4696980.0,7609.0,8885.0,53413.0,50063.655617230324,48423.29973548053
2021-08-31,OH,1220900.0,5914.0,4871892.0,4702566.0,4575.0,5586.0,56092.0,52042.44088009033,49608.7642231862
2021-09-01,OH,1228002.0,7102.0,4882792.0,4711990.0,10900.0,9424.0,59891.0,53315.15167401536,52096.32417466365
2021-09-02,OH,1235089.0,7087.0,4883314.0,4712426.0,522.0,436.0,63532.0,55985.918155007894,55624.00816602172
2021-09-03,OH,1241268.0,6179.0,4895657.0,4723761.0,12343.0,11335.0,65928.0,59770.632088726845,59004.82889559131
2021-09-04,OH,1247637.0,6369.0,4905134.0,4731842.0,9477.0,8081.0,68845.0,63408.19430299476,61229.260014003594
2021-09-05,OH,1253198.0,5561.0,4916648.0,4742587.0,11514.0,10745.0,72212.0,65791.35669362314,63937.473063168014
2021-09-06,OH,1257142.0,3944.0,4916799.0,4742681.0,151.0,94.0,73381.0,68709.43737071515,67063.50135703546
2021-09-07,OH,1262018.0,4876.0,4932548.0,4759853.0,15749.0,17172.0,74140.0,72071.19204655763,68148.14863644633
2021-09-08,OH,1268841.0,6823.0,4933672.0,4760309.0,1124.0,456.0,76363.0,73240.77145273618,68852.0034129036
2021-09-09,OH,1276738.0,7897.0,4943011.0,4768582.0,9339.0,8273.0,78865.0,74000.63956901114,70915.40000704982
2021-09-10,OH,1285757.0,9019.0,4952725.0,4779277.0,9714.0,10695.0,83029.0,76218.42904876557,73237.81053783603
2021-09-11,OH,1294162.0,8405.0,4963162.0,4788500.0,10437.0,9223.0,86230.0,78718.99582372283,77103.51828107759
2021-09-12,OH,1298625.0,4463.0,4975509.0,4799073.0,12347.0,10573.0,86730.0,82881.50669802922,80074.79972350724
2021-09-13,OH,1304193.0,5568.0,4982994.0,4807227.0,7485.0,8154.0,89207.0,86088.69906861486,80537.79440424002
2021-09-14,OH,1311518.0,7325.0,4986522.0,4811048.0,3528.0,3821.0,90618.0,86589.92376309793,82836.60128417559
2021-09-15,OH,1319265.0,7747.0,5301914.0,5057737.0,315392.0,246689.0,91263.0,89065.19570704192,84145.45169995031
2021-09-16,OH,1327614.0,8349.0,6239881.0,5767877.0,937967.0,710140.0,92525.0,90474.8649672295,84742.97776741975
2021-09-17,OH,1336061.0,8447.0,6249287.0,5776816.0,9406.0,8939.0,94793.0,91126.83935744461,85913.40103069066
2021-09-18,OH,1342777.0,6716.0,6260986.0,5789221.0,11699.0,12405.0,95140.0,92378.35441106345,88017.8806057095
2021-09-19,OH,1347205.0,4428.0,6276516.0,5807802.0,15530.0,18581.0,94007.0,94647.62576105821,88338.59973762349
2021-09-20,OH,1352104.0,4899.0,6280109.0,5813250.0,3593.0,5448.0,94962.0,94995.23020107803,87285.14530707579
2021-09-21,OH,1358918.0,6814.0,6280172.0,5813299.0,63.0,49.0,96900.0,93862.00514828568,88170.42887378538
2021-09-22,OH,1365800.0,6882.0,6280577.0,5813607.0,405.0,308.0,96959.0,94817.84465054967,89968.36723285555
2021-09-23,OH,1373275.0,7475.0,6289705.0,5818486.0,9128.0,4879.0,96537.0,96757.08656601715,90021.673121847
2021-09-24,OH,1380370.0,7095.0,6299118.0,5827327.0,9413.0,8841.0,94613.0,96816.5163217699,89628.41576147251
2021-09-25,OH,1385749.0,5379.0,6308173.0,5837184.0,9055.0,9857.0,91587.0,96394.67555595886,87840.70618829687
2021-09-26,OH,1390015.0,4266.0,6317415.0,5847754.0,9242.0,10570.0,91390.0,94469.97152573784,85029.99492099919
2021-09-27,OH,1393696.0,3681.0,6321622.0,5853820.0,4207.0,6066.0,89503.0,91448.40706228645,84845.85385568884
2021-09-28,OH,1400979.0,7283.0,6325424.0,5858907.0,3802.0,5087.0,89461.0,91254.11978705833,83092.77370386617
2021-09-29,OH,1407442.0,6463.0,6332731.0,5865123.0,7307.0,6216.0,88177.0,89368.56221110304,83052.62206334416
2021-09-30,OH,1413972.0,6530.0,6340058.0,5870552.0,7327.0,5429.0,86358.0,89327.15097738855,81859.46982891309
2021-10-01,OH,1420206.0,6234.0,6347015.0,5876941.0,6957.0,6389.0,84145.0,88042.9952539922,80169.71907187223
2021-10-02,OH,1426300.0,6094.0,6351750.0,5881719.0,4735.0,4778.0,83523.0,86220.60368114692,78114.28931588288
2021-10-03,OH,1429745.0,3445.0,6359154.0,5890639.0,7404.0,8920.0,82540.0,84008.63781016212,77535.9079510535
2021-10-04,OH,1433957.0,4212.0,6368408.0,5904694.0,9254.0,14055.0,81853.0,83385.55514223811,76622.44155369364
2021-10-05,OH,1439490.0,5533.0,6372049.0,5909570.0,3641.0,4876.0,80572.0,82404.69960617038,75983.7965772405
2021-10-06,OH,1445786.0,6296.0,6378338.0,5915644.0,6289.0,6074.0,79986.0,81724.9121398106,74793.78469053008
2021-10-07,OH,1452096.0,6310.0,6385020.0,5923087.0,6682.0,7443.0,78821.0,80441.05721200697,74248.97761837234
2021-10-08,OH,1458747.0,6651.0,6399187.0,5937051.0,14167.0,13964.0,78377.0,79854.20435234404,73166.73464276831
2021-10-09,OH,1461932.0,3185.0,6406088.0,5944694.0,6901.0,7643.0,76183.0,78694.70597448011,72753.81081844837
2021-10-10,OH,1467331.0,5399.0,6406498.0,5944879.0,410.0,185.0,77316.0,78249.51689498284,70716.48159234053
2021-10-11,OH,1470267.0,2936.0,6411092.0,5950952.0,4594.0,6073.0,76571.0,76053.85082803047,71767.46975748283
2021-10-12,OH,1474723.0,4456.0,6413211.0,5953664.0,2119.0,2712.0,73744.0,77187.10278585092,71075.22150321603
2021-10-13,OH,1480371.0,5648.0,6419117.0,5957472.0,5906.0,3808.0,72929.0,76434.13780829795,68450.45594300186
2021-10-14,OH,1485514.0,5143.0,6427423.0,5964942.0,8306.0,7470.0,71542.0,73621.61120973574,67693.33783292951
2021-10-15,OH,1490451.0,4937.0,6434770.0,5972247.0,7347.0,7305.0,70245.0,72805.5574473051,66405.31943186985
2021-10-16,OH,1494160.0,3709.0,6444862.0,5982848.0,10092.0,10601.0,67860.0,71417.34825463837,65200.883757756106
2021-10-17,OH,1496675.0,2515.0,6449631.0,5987788.0,4769.0,4940.0,66930.0,70119.83158364994,62986.62436837876
2021-10-18,OH,1499485.0,2810.0,6453913.0,5993171.0,4282.0,5383.0,65528.0,67749.23424445494,62122.9311112932
2021-10-19,OH,1503102.0,3617.0,6456133.0,5996443.0,2220.0,3272.0,63612.0,66820.01642876901,60821.16994478598
2021-10-20,OH,1507676.0,4574.0,6463077.0,6002470.0,6944.0,6027.0,61890.0,65419.572479939794,59042.37157017015
2021-10-21,OH,1511760.0,4084.0,6468875.0,6008452.0,5798.0,5982.0,59664.0,63506.40447804908,57443.68508681935
2021-10-22,OH,1515838.0,4078.0,6478673.0,6017435.0,9798.0,8983.0,57091.0,61787.66908575458,55377.25266959551
2021-10-23,OH,1519304.0,3466.0,6484054.0,6023303.0,5381.0,5868.0,57372.0,59571.00665482148,52988.80433644802
2021-10-24,OH,1521844.0,2540.0,6490211.0,6029597.0,6157.0,6294.0,54513.0,57006.00586425539,53249.325756984574
2021-10-25,OH,1524169.0,2325.0,6493527.0,6033375.0,3316.0,3778.0,53902.0,57286.953682739564,50595.496767874836
2021-10-26,OH,1527976.0,3807.0,6495059.0,6034821.0,1532.0,1446.0,53253.0,54437.3493606362,50028.16360369997
2021-10-27,OH,1531815.0,3839.0,6501078.0,6040206.0,6019.0,5385.0,51444.0,53828.63369991261,49425.57496522351
2021-10-28,OH,1536005.0,4190.0,6507978.0,6046207.0,6900.0,6001.0,50491.0,53182.06700211782,47746.37690943487
2021-10-29,OH,1539490.0,3485.0,6513172.0,6052062.0,5194.0,5855.0,49039.0,51381.65519185562,46861.68108504008
2021-10-30,OH,1542911.0,3421.0,6521124.0,6058403.0,7952.0,6341.0,48751.0,50431.97229019494,45513.87250513336
2021-10-31,OH,1545327.0,2416.0,6529841.0,6063992.0,8717.0,5589.0,48652.0,48985.13642892956,45246.4104974079
2021-11-01,OH,1547788.0,2461.0,6534116.0,6068003.0,4275.0,4011.0,48303.0,48698.2436192677,45154.36709716905
2021-11-02,OH,1551705.0,3917.0,6536385.0,6070430.0,2269.0,2427.0,48603.0,48599.671699082486,44830.30037718062
2021-11-03,OH,1556208.0,4503.0,6542353.0,6075081.0,5968.0,4651.0,48532.0,48252.00981341057,45108.57900699972
2021-11-04,OH,1560695.0,4487.0,6548197.0,6079963.0,5844.0,4882.0,48935.0,48550.983245447685,45042.53008923822
2021-11-05,OH,1565043.0,4348.0,6554646.0,6085647.0,6449.0,5684.0,49205.0,48480.31033511411,45416.40157162227
2021-11-06,OH,1567834.0,2791.0,6561308.0,6090049.0,6662.0,4402.0,48530.0,48881.91461791579,45666.83258158913
2021-11-07,OH,1572197.0,4363.0,6570692.0,6096447.0,9384.0,6398.0,50353.0,49151.0102700569,45040.21620666899
2021-11-08,OH,1575319.0,3122.0,6579579.0,6103017.0,8887.0,6570.0,51150.0,48478.52005733539,46731.97266931007
2021-11-09,OH,1580271.0,4952.0,6579541.0,6102837.0,-38.0,-180.0,52295.0,50295.01551459535,47471.490433076586
2021-11-10,OH,1585798.0,5527.0,6594885.0,6109783.0,15344.0,6946.0,53983.0,51089.31187027515,48533.97016054632
2021-11-11,OH,1590792.0,4994.0,6611624.0,6115880.0,16739.0,6097.0,54787.0,52230.48908165112,50100.3800675747
2021-11-12,OH,1596171.0,5379.0,6626728.0,6121902.0,15104.0,6022.0,56681.0,53913.031770640926,50846.348345131875
2021-11-13,OH,1600860.0,4689.0,6637502.0,6126009.0,10774.0,4107.0,57949.0,54714.59165677266,52603.90130577171
2021-11-14,OH,1604488.0,3628.0,6638417.0,6127121.0,915.0,1112.0,59161.0,56602.97457099805,53780.45544211537
2021-11-15,OH,1608415.0,3927.0,6668715.0,6137306.0,30298.0,10185.0,60627.0,57867.49606366523,54905.0183329296
2021-11-16,OH,1614054.0,5639.0,6677840.0,6139691.0,9125.0,2385.0,62349.0,59076.36607698657,56265.28832596579
2021-11-17,OH,1620436.0,6382.0,6689711.0,6143585.0,11871.0,3894.0,64228.0,60538.81533706607,57863.11507875415
2021-11-18,OH,1627051.0,6615.0,6703031.0,6148754.0,13320.0,5169.0,66356.0,62252.890962813384,59606.614921582244
2021-11-19,OH,1633480.0,6429.0,6719752.0,6155226.0,16721.0,6472.0,68437.0,64127.17312812965,61581.162695560495
2021-11-20,OH,1639070.0,5590.0,6733125.0,6160144.0,13373.0,4918.0,71236.0,66249.52931621033,63512.05160812907
2021-11-21,OH,1642867.0,3797.0,6748272.0,6165964.0,15147.0,5820.0,70670.0,68322.80968968064,66109.22522573528
2021-11-22,OH,1647237.0,4370.0,6762630.0,6170085.0,14358.0,4121.0,71918.0,71119.57522170286,65583.5342553161
2021-11-23,OH,1653380.0,6143.0,6767599.0,6171795.0,4969.0,1710.0,73109.0,70553.84053574191,66741.28809662673
2021-11-24,OH,1660131.0,6751.0,6779515.0,6175735.0,11916.0,3940.0,74333.0,71801.3207929156,67846.12073343179
2021-11-25,OH,1660131.0,0.0,6779515.0,6175735.0,0.0,0.0,69339.0,72992.15715938779,68981.55416085513
2021-11-26,OH,1669274.0,9143.0,6779515.0,6175735.0,0.0,0.0,73103.0,74216.32949174351,64346.65350024913
2021-11-27,OH,1673496.0,4222.0,6779515.0,6175735.0,0.0,0.0,72636.0,69222.86494745297,67839.2557797031
2021-11-28,OH,1677741.0,4245.0,6779515.0,6175735.0,0.0,0.0,73253.0,72984.37566552332,67405.45202029227
2021-11-29,OH,1683472.0,5731.0,6820747.0,6196181.0,41232.0,20446.0,75057.0,72517.43694060788,67977.59842444216
2021-11-30,OH,1690217.0,6745.0,6824256.0,6200220.0,3509.0,4039.0,76163.0,73134.35257954932,69651.2451130401
2021-12-01,OH,1699161.0,8944.0,6832674.0,6209524.0,8418.0,9304.0,78725.0,74938.50410728343,70677.12931384482
2021-12-02,OH,1708292.0,9131.0,6850534.0,6224765.0,17860.0,15241.0,81241.0,76045.01159313529,73054.11005783895
2021-12-03,OH,1717876.0,9584.0,6861081.0,6236674.0,10547.0,11909.0,84396.0,78596.08789936485,75388.34567975388
2021-12-04,OH,1725669.0,7793.0,6874227.0,6249226.0,13146.0,12552.0,86599.0,81117.08521572499,78315.48299112073
2021-12-05,OH,1731003.0,5334.0,6884914.0,6261026.0,10687.0,11800.0,88136.0,84258.39439874659,80359.13627181528
2021-12-06,OH,1735925.0,4922.0,6890645.0,6274734.0,5731.0,13708.0,88688.0,86475.08511414612,81784.72736467772
2021-12-07,OH,1743801.0,7876.0,6894490.0,6282308.0,3845.0,7574.0,90421.0,88008.66115577467,82296.27002999405
2021-12-08,OH,1752508.0,8707.0,6909267.0,6298327.0,14777.0,16019.0,92377.0,88561.97317357815,83903.68075931627
2021-12-09,OH,1761008.0,8500.0,6917921.0,6309251.0,8654.0,10924.0,100877.0,90293.63046513258,85717.9727261886
2021-12-10,OH,1768367.0,7359.0,6930017.0,6322437.0,12096.0,13186.0,99093.0,92249.86857762147,93604.43411662674
2021-12-11,OH,1776439.0,8072.0,6939813.0,6334456.0,9796.0,12019.0,102943.0,100759.98864990496,91948.12585085901
2021-12-12,OH,1781411.0,4972.0,6948611.0,6345157.0,8798.0,10701.0,103670.0,98967.10367497802,95519.61191495958
2021-12-13,OH,1787029.0,5618.0,6953764.0,6357434.0,5153.0,12277.0,103557.0,102941.86055651907,96193.20955124316
2021-12-14,OH,1796951.0,9922.0,6957555.0,6361763.0,3791.0,4329.0,106734.0,103534.03027759062,96087.38267897704
2021-12-15,OH,1807539.0,10588.0,6966437.0,6371961.0,8882.0,10198.0,108378.0,103421.31164205595,99034.23133005064
2021-12-16,OH,1819342.0,11803.0,6975257.0,6381746.0,8820.0,9785.0,111050.0,106599.44784775097,100558.58308113985
2021-12-17,OH,1829367.0,10025.0,6982975.0,6389323.0,7718.0,7577.0,111491.0,108244.37294529236,103036.70732595866
2021-12-18,OH,1839501.0,10134.0,6992657.0,6397689.0,9682.0,8366.0,113832.0,110917.67442983364,103444.75457340956
2021-12-19,OH,1847140.0,7639.0,7002102.0,6404778.0,9445.0,7089.0,116137.0,111359.1435580145,105615.65747173816
2021-12-20,OH,1855222.0,8082.0,7008854.0,6411645.0,6752.0,6867.0,119297.0,113701.40667617146,107753.0832711408
2021-12-21,OH,1867724.0,12502.0,7012329.0,6415084.0,3475.0,3439.0,123923.0,116007.69645151486,110683.70188326636
2021-12-22,OH,1880588.0,12864.0,7021043.0,6421343.0,8714.0,6259.0,128080.0,119169.33793840889,114974.3467300376
2021-12-23,OH,1896577.0,15989.0,7024797.0,6425443.0,3754.0,4100.0,135569.0,123808.89150790797,118829.68690950738
2021-12-24,OH,1910991.0,14414.0,7026188.0,6425686.0,1391.0,243.0,142624.0,127968.74963715242,125776.17696032947
2021-12-25,OH,1910991.0,0.0,7026765.0,6425764.0,577.0,78.0,134552.0,135461.77046389066,132319.69631927292
2021-12-26,OH,1931908.0,20917.0,7026940.0,6425774.0,175.0,10.0,150497.0,142520.53984113678,124828.99887924835
2021-12-27,OH,1940000.0,8092.0,7027218.0,6425847.0,278.0,73.0,152971.0,134440.1309169528,139619.88887861007
2021-12-28,OH,1955403.0,15403.0,7047421.0,6444295.0,20203.0,18448.0,158452.0,150389.684138901,141912.80369252735
2021-12-29,OH,1975723.0,20320.0,7055157.0,6450314.0,7736.0,6019.0,168184.0,152865.4041488439,146995.19442959738
